shop_id,shop_type,region
s00001,clothing,Chattogram
s00002,clothing,Barishal
s00003,clothing,Cumilla
s00004,clothing,Cox's Bazar
s00005,clothing,Dhaka
s00006,clothing,Narayanganj
s00007,clothing,Barishal
s00008,clothing,Sylhet
s00009,clothing,Rangpur
s00010,clothing,Faridpur
s00011,clothing,Cumilla
s00012,clothing,Mymensingh
s00013,clothing,Rangpur
s00014,clothing,Khulna
s00015,clothing,Chattogram
s00016,clothing,Jessore
s00017,clothing,Gazipur
s00018,clothing,Barishal
s00019,clothing,Narayanganj
s00020,clothing,Bogra
s00021,clothing,Cox's Bazar
s00022,clothing,Rangpur
s00023,clothing,Narayanganj
s00024,clothing,Rangpur
s00025,clothing,Bogra
s00026,clothing,Cox's Bazar
s00027,clothing,Khulna
s00028,clothing,Faridpur
s00029,clothing,Rangpur
s00030,clothing,Sylhet
s00031,clothing,Rangpur
s00032,clothing,Cumilla
s00033,clothing,Gazipur
s00034,clothing,Cumilla
s00035,clothing,Barishal
s00036,clothing,Bogra
s00037,clothing,Chattogram
s00038,clothing,Dhaka
s00039,clothing,Mymensingh
s00040,clothing,Dhaka
s00041,clothing,Chattogram
s00042,clothing,Jessore
s00043,clothing,Bogra
s00044,clothing,Cox's Bazar
s00045,clothing,Jessore
s00046,clothing,Mymensingh
s00047,clothing,Sylhet
s00048,clothing,Mymensingh
s00049,clothing,Gazipur
s00050,clothing,Khulna
s00051,clothing,Cox's Bazar
s00052,clothing,Sylhet
s00053,clothing,Gazipur
s00054,clothing,Mymensingh
s00055,clothing,Chattogram
s00056,clothing,Khulna
s00057,clothing,Faridpur
s00058,clothing,Sylhet
s00059,clothing,Barishal
s00060,clothing,Faridpur
s00061,clothing,Jessore
s00062,clothing,Khulna
s00063,clothing,Cox's Bazar
s00064,clothing,Mymensingh
s00065,clothing,Sylhet
s00066,clothing,Mymensingh
s00067,clothing,Sylhet
s00068,clothing,Sylhet
s00069,clothing,Barishal
s00070,clothing,Gazipur
s00071,clothing,Khulna
s00072,clothing,Bogra
s00073,clothing,Cumilla
s00074,clothing,Bogra
s00075,clothing,Faridpur
s00076,clothing,Rangpur
s00077,clothing,Khulna
s00078,clothing,Gazipur
s00079,clothing,Barishal
s00080,clothing,Rajshahi
s00081,clothing,Rajshahi
s00082,clothing,Chattogram
s00083,clothing,Dhaka
s00084,clothing,Cumilla
s00085,clothing,Narayanganj
s00086,clothing,Mymensingh
s00087,clothing,Dhaka
s00088,clothing,Dhaka
s00089,clothing,Barishal
s00090,clothing,Barishal
s00091,clothing,Sylhet
s00092,clothing,Gazipur
s00093,clothing,Faridpur
s00094,clothing,Cox's Bazar
s00095,clothing,Cox's Bazar
s00096,clothing,Chattogram
s00097,clothing,Dhaka
s00098,clothing,Sylhet
s00099,clothing,Jessore
s00100,clothing,Khulna
s00101,grocery,Gazipur
s00102,grocery,Khulna
s00103,grocery,Cox's Bazar
s00104,grocery,Rangpur
s00105,grocery,Mymensingh
s00106,grocery,Faridpur
s00107,grocery,Cox's Bazar
s00108,grocery,Dhaka
s00109,grocery,Cox's Bazar
s00110,grocery,Cumilla
s00111,grocery,Dhaka
s00112,grocery,Faridpur
s00113,grocery,Sylhet
s00114,grocery,Mymensingh
s00115,grocery,Cumilla
s00116,grocery,Mymensingh
s00117,grocery,Chattogram
s00118,grocery,Jessore
s00119,grocery,Rajshahi
s00120,grocery,Faridpur
s00121,grocery,Dhaka
s00122,grocery,Gazipur
s00123,grocery,Rangpur
s00124,grocery,Faridpur
s00125,grocery,Barishal
s00126,grocery,Faridpur
s00127,grocery,Rangpur
s00128,grocery,Jessore
s00129,grocery,Jessore
s00130,grocery,Narayanganj
s00131,grocery,Chattogram
s00132,grocery,Sylhet
s00133,grocery,Mymensingh
s00134,grocery,Barishal
s00135,grocery,Narayanganj
s00136,grocery,Khulna
s00137,grocery,Rangpur
s00138,grocery,Sylhet
s00139,grocery,Dhaka
s00140,grocery,Rajshahi
s00141,grocery,Barishal
s00142,grocery,Sylhet
s00143,grocery,Cox's Bazar
s00144,grocery,Cox's Bazar
s00145,grocery,Rajshahi
s00146,grocery,Chattogram
s00147,grocery,Jessore
s00148,grocery,Faridpur
s00149,grocery,Bogra
s00150,grocery,Bogra
s00151,grocery,Rajshahi
s00152,grocery,Faridpur
s00153,grocery,Narayanganj
s00154,grocery,Rajshahi
s00155,grocery,Khulna
s00156,grocery,Dhaka
s00157,grocery,Dhaka
s00158,grocery,Khulna
s00159,grocery,Narayanganj
s00160,grocery,Narayanganj
s00161,grocery,Bogra
s00162,grocery,Narayanganj
s00163,grocery,Bogra
s00164,grocery,Gazipur
s00165,grocery,Chattogram
s00166,grocery,Jessore
s00167,grocery,Gazipur
s00168,grocery,Barishal
s00169,grocery,Gazipur
s00170,grocery,Chattogram
s00171,grocery,Rajshahi
s00172,grocery,Dhaka
s00173,grocery,Bogra
s00174,grocery,Barishal
s00175,grocery,Gazipur
s00176,grocery,Rajshahi
s00177,grocery,Rangpur
s00178,grocery,Sylhet
s00179,grocery,Rajshahi
s00180,grocery,Cumilla
s00181,grocery,Barishal
s00182,grocery,Cumilla
s00183,grocery,Barishal
s00184,grocery,Cumilla
s00185,grocery,Cumilla
s00186,grocery,Gazipur
s00187,grocery,Cox's Bazar
s00188,grocery,Gazipur
s00189,grocery,Rangpur
s00190,grocery,Bogra
s00191,grocery,Mymensingh
s00192,grocery,Sylhet
s00193,grocery,Chattogram
s00194,grocery,Cumilla
s00195,grocery,Rajshahi
s00196,grocery,Bogra
s00197,grocery,Chattogram
s00198,grocery,Rangpur
s00199,grocery,Sylhet
s00200,grocery,Rajshahi
s00201,electronics,Cox's Bazar
s00202,electronics,Rangpur
s00203,electronics,Gazipur
s00204,electronics,Narayanganj
s00205,electronics,Sylhet
s00206,electronics,Khulna
s00207,electronics,Dhaka
s00208,electronics,Narayanganj
s00209,electronics,Gazipur
s00210,electronics,Sylhet
s00211,electronics,Mymensingh
s00212,electronics,Faridpur
s00213,electronics,Faridpur
s00214,electronics,Jessore
s00215,electronics,Rangpur
s00216,electronics,Khulna
s00217,electronics,Rajshahi
s00218,electronics,Chattogram
s00219,electronics,Rajshahi
s00220,electronics,Cox's Bazar
s00221,electronics,Cox's Bazar
s00222,electronics,Dhaka
s00223,electronics,Faridpur
s00224,electronics,Gazipur
s00225,electronics,Khulna
s00226,electronics,Chattogram
s00227,electronics,Khulna
s00228,electronics,Rangpur
s00229,electronics,Sylhet
s00230,electronics,Chattogram
s00231,electronics,Jessore
s00232,electronics,Gazipur
s00233,electronics,Faridpur
s00234,electronics,Khulna
s00235,electronics,Gazipur
s00236,electronics,Gazipur
s00237,electronics,Chattogram
s00238,electronics,Gazipur
s00239,electronics,Rajshahi
s00240,electronics,Cumilla
s00241,electronics,Khulna
s00242,electronics,Dhaka
s00243,electronics,Rajshahi
s00244,electronics,Gazipur
s00245,electronics,Chattogram
s00246,electronics,Cox's Bazar
s00247,electronics,Khulna
s00248,electronics,Jessore
s00249,electronics,Sylhet
s00250,electronics,Gazipur
s00251,electronics,Khulna
s00252,electronics,Narayanganj
s00253,electronics,Bogra
s00254,electronics,Cumilla
s00255,electronics,Gazipur
s00256,electronics,Narayanganj
s00257,electronics,Rangpur
s00258,electronics,Jessore
s00259,electronics,Dhaka
s00260,electronics,Cumilla
s00261,electronics,Khulna
s00262,electronics,Jessore
s00263,electronics,Mymensingh
s00264,electronics,Dhaka
s00265,electronics,Khulna
s00266,electronics,Cox's Bazar
s00267,electronics,Bogra
s00268,electronics,Rajshahi
s00269,electronics,Mymensingh
s00270,electronics,Jessore
s00271,electronics,Bogra
s00272,electronics,Cox's Bazar
s00273,electronics,Mymensingh
s00274,electronics,Sylhet
s00275,electronics,Chattogram
s00276,electronics,Chattogram
s00277,electronics,Faridpur
s00278,electronics,Rangpur
s00279,electronics,Rajshahi
s00280,electronics,Chattogram
s00281,electronics,Cumilla
s00282,electronics,Narayanganj
s00283,electronics,Dhaka
s00284,electronics,Narayanganj
s00285,electronics,Bogra
s00286,electronics,Chattogram
s00287,electronics,Gazipur
s00288,electronics,Cumilla
s00289,electronics,Jessore
s00290,electronics,Rangpur
s00291,electronics,Chattogram
s00292,electronics,Dhaka
s00293,electronics,Gazipur
s00294,electronics,Narayanganj
s00295,electronics,Cox's Bazar
s00296,electronics,Barishal
s00297,electronics,Rajshahi
s00298,electronics,Sylhet
s00299,electronics,Bogra
s00300,electronics,Gazipur
s00301,beauty,Khulna
s00302,beauty,Mymensingh
s00303,beauty,Rajshahi
s00304,beauty,Rangpur
s00305,beauty,Khulna
s00306,beauty,Chattogram
s00307,beauty,Gazipur
s00308,beauty,Gazipur
s00309,beauty,Bogra
s00310,beauty,Sylhet
s00311,beauty,Barishal
s00312,beauty,Barishal
s00313,beauty,Bogra
s00314,beauty,Bogra
s00315,beauty,Barishal
s00316,beauty,Mymensingh
s00317,beauty,Cox's Bazar
s00318,beauty,Cox's Bazar
s00319,beauty,Gazipur
s00320,beauty,Barishal
s00321,beauty,Barishal
s00322,beauty,Dhaka
s00323,beauty,Bogra
s00324,beauty,Dhaka
s00325,beauty,Rangpur
s00326,beauty,Barishal
s00327,beauty,Jessore
s00328,beauty,Rajshahi
s00329,beauty,Faridpur
s00330,beauty,Rajshahi
s00331,beauty,Narayanganj
s00332,beauty,Jessore
s00333,beauty,Rajshahi
s00334,beauty,Narayanganj
s00335,beauty,Faridpur
s00336,beauty,Bogra
s00337,beauty,Faridpur
s00338,beauty,Bogra
s00339,beauty,Rajshahi
s00340,beauty,Faridpur
s00341,beauty,Rangpur
s00342,beauty,Cox's Bazar
s00343,beauty,Dhaka
s00344,beauty,Chattogram
s00345,beauty,Narayanganj
s00346,beauty,Bogra
s00347,beauty,Bogra
s00348,beauty,Rajshahi
s00349,beauty,Mymensingh
s00350,beauty,Dhaka
s00351,beauty,Rangpur
s00352,beauty,Cox's Bazar
s00353,beauty,Gazipur
s00354,beauty,Rangpur
s00355,beauty,Faridpur
s00356,beauty,Bogra
s00357,beauty,Dhaka
s00358,beauty,Cox's Bazar
s00359,beauty,Barishal
s00360,beauty,Gazipur
s00361,beauty,Mymensingh
s00362,beauty,Cumilla
s00363,beauty,Dhaka
s00364,beauty,Cox's Bazar
s00365,beauty,Cumilla
s00366,beauty,Barishal
s00367,beauty,Rangpur
s00368,beauty,Bogra
s00369,beauty,Narayanganj
s00370,beauty,Rajshahi
s00371,beauty,Narayanganj
s00372,beauty,Cox's Bazar
s00373,beauty,Khulna
s00374,beauty,Rangpur
s00375,beauty,Rajshahi
s00376,beauty,Gazipur
s00377,beauty,Rangpur
s00378,beauty,Gazipur
s00379,beauty,Gazipur
s00380,beauty,Khulna
s00381,beauty,Sylhet
s00382,beauty,Barishal
s00383,beauty,Gazipur
s00384,beauty,Cumilla
s00385,beauty,Sylhet
s00386,beauty,Jessore
s00387,beauty,Cox's Bazar
s00388,beauty,Sylhet
s00389,beauty,Narayanganj
s00390,beauty,Narayanganj
s00391,beauty,Bogra
s00392,beauty,Rajshahi
s00393,beauty,Dhaka
s00394,beauty,Mymensingh
s00395,beauty,Sylhet
s00396,beauty,Mymensingh
s00397,beauty,Jessore
s00398,beauty,Rangpur
s00399,beauty,Chattogram
s00400,beauty,Chattogram
s00401,home,Barishal
s00402,home,Mymensingh
s00403,home,Chattogram
s00404,home,Sylhet
s00405,home,Mymensingh
s00406,home,Barishal
s00407,home,Jessore
s00408,home,Faridpur
s00409,home,Rajshahi
s00410,home,Khulna
s00411,home,Rajshahi
s00412,home,Jessore
s00413,home,Chattogram
s00414,home,Bogra
s00415,home,Jessore
s00416,home,Chattogram
s00417,home,Bogra
s00418,home,Sylhet
s00419,home,Mymensingh
s00420,home,Rangpur
s00421,home,Cumilla
s00422,home,Cumilla
s00423,home,Sylhet
s00424,home,Narayanganj
s00425,home,Mymensingh
s00426,home,Rajshahi
s00427,home,Bogra
s00428,home,Narayanganj
s00429,home,Dhaka
s00430,home,Mymensingh
s00431,home,Rangpur
s00432,home,Gazipur
s00433,home,Barishal
s00434,home,Bogra
s00435,home,Gazipur
s00436,home,Sylhet
s00437,home,Gazipur
s00438,home,Cumilla
s00439,home,Chattogram
s00440,home,Cox's Bazar
s00441,home,Gazipur
s00442,home,Narayanganj
s00443,home,Jessore
s00444,home,Mymensingh
s00445,home,Rangpur
s00446,home,Gazipur
s00447,home,Barishal
s00448,home,Dhaka
s00449,home,Gazipur
s00450,home,Mymensingh
s00451,home,Rajshahi
s00452,home,Gazipur
s00453,home,Cumilla
s00454,home,Faridpur
s00455,home,Mymensingh
s00456,home,Khulna
s00457,home,Mymensingh
s00458,home,Sylhet
s00459,home,Rangpur
s00460,home,Bogra
s00461,home,Cox's Bazar
s00462,home,Barishal
s00463,home,Gazipur
s00464,home,Narayanganj
s00465,home,Sylhet
s00466,home,Sylhet
s00467,home,Cumilla
s00468,home,Mymensingh
s00469,home,Jessore
s00470,home,Khulna
s00471,home,Narayanganj
s00472,home,Mymensingh
s00473,home,Rajshahi
s00474,home,Faridpur
s00475,home,Mymensingh
s00476,home,Khulna
s00477,home,Jessore
s00478,home,Jessore
s00479,home,Mymensingh
s00480,home,Narayanganj
s00481,home,Cumilla
s00482,home,Narayanganj
s00483,home,Sylhet
s00484,home,Rangpur
s00485,home,Chattogram
s00486,home,Barishal
s00487,home,Khulna
s00488,home,Khulna
s00489,home,Cox's Bazar
s00490,home,Barishal
s00491,home,Bogra
s00492,home,Chattogram
s00493,home,Jessore
s00494,home,Chattogram
s00495,home,Faridpur
s00496,home,Narayanganj
s00497,home,Gazipur
s00498,home,Narayanganj
s00499,home,Bogra
s00500,home,Mymensingh
s00501,food,Gazipur
s00502,food,Gazipur
s00503,food,Rajshahi
s00504,food,Chattogram
s00505,food,Sylhet
s00506,food,Chattogram
s00507,food,Gazipur
s00508,food,Bogra
s00509,food,Faridpur
s00510,food,Khulna
s00511,food,Khulna
s00512,food,Khulna
s00513,food,Cumilla
s00514,food,Rajshahi
s00515,food,Jessore
s00516,food,Mymensingh
s00517,food,Sylhet
s00518,food,Sylhet
s00519,food,Mymensingh
s00520,food,Jessore
s00521,food,Barishal
s00522,food,Barishal
s00523,food,Chattogram
s00524,food,Rajshahi
s00525,food,Jessore
s00526,food,Barishal
s00527,food,Bogra
s00528,food,Cumilla
s00529,food,Sylhet
s00530,food,Chattogram
s00531,food,Sylhet
s00532,food,Rangpur
s00533,food,Cumilla
s00534,food,Jessore
s00535,food,Rajshahi
s00536,food,Chattogram
s00537,food,Cumilla
s00538,food,Jessore
s00539,food,Dhaka
s00540,food,Barishal
s00541,food,Cumilla
s00542,food,Jessore
s00543,food,Rajshahi
s00544,food,Sylhet
s00545,food,Narayanganj
s00546,food,Chattogram
s00547,food,Narayanganj
s00548,food,Dhaka
s00549,food,Chattogram
s00550,food,Narayanganj
s00551,food,Mymensingh
s00552,food,Cox's Bazar
s00553,food,Chattogram
s00554,food,Chattogram
s00555,food,Faridpur
s00556,food,Khulna
s00557,food,Khulna
s00558,food,Dhaka
s00559,food,Faridpur
s00560,food,Narayanganj
s00561,food,Gazipur
s00562,food,Mymensingh
s00563,food,Gazipur
s00564,food,Mymensingh
s00565,food,Barishal
s00566,food,Narayanganj
s00567,food,Rajshahi
s00568,food,Bogra
s00569,food,Mymensingh
s00570,food,Mymensingh
s00571,food,Bogra
s00572,food,Jessore
s00573,food,Rajshahi
s00574,food,Narayanganj
s00575,food,Sylhet
s00576,food,Barishal
s00577,food,Khulna
s00578,food,Barishal
s00579,food,Cumilla
s00580,food,Cumilla
s00581,food,Faridpur
s00582,food,Khulna
s00583,food,Cumilla
s00584,food,Jessore
s00585,food,Jessore
s00586,food,Rangpur
s00587,food,Jessore
s00588,food,Dhaka
s00589,food,Khulna
s00590,food,Dhaka
s00591,food,Gazipur
s00592,food,Gazipur
s00593,food,Chattogram
s00594,food,Narayanganj
s00595,food,Barishal
s00596,food,Gazipur
s00597,food,Faridpur
s00598,food,Narayanganj
s00599,food,Jessore
s00600,food,Bogra
s00601,pharmacy,Dhaka
s00602,pharmacy,Chattogram
s00603,pharmacy,Rajshahi
s00604,pharmacy,Dhaka
s00605,pharmacy,Bogra
s00606,pharmacy,Mymensingh
s00607,pharmacy,Rangpur
s00608,pharmacy,Narayanganj
s00609,pharmacy,Dhaka
s00610,pharmacy,Sylhet
s00611,pharmacy,Cox's Bazar
s00612,pharmacy,Barishal
s00613,pharmacy,Barishal
s00614,pharmacy,Rangpur
s00615,pharmacy,Cumilla
s00616,pharmacy,Cox's Bazar
s00617,pharmacy,Narayanganj
s00618,pharmacy,Mymensingh
s00619,pharmacy,Dhaka
s00620,pharmacy,Khulna
s00621,pharmacy,Bogra
s00622,pharmacy,Chattogram
s00623,pharmacy,Gazipur
s00624,pharmacy,Khulna
s00625,pharmacy,Cumilla
s00626,pharmacy,Cox's Bazar
s00627,pharmacy,Faridpur
s00628,pharmacy,Gazipur
s00629,pharmacy,Barishal
s00630,pharmacy,Sylhet
s00631,pharmacy,Gazipur
s00632,pharmacy,Jessore
s00633,pharmacy,Barishal
s00634,pharmacy,Khulna
s00635,pharmacy,Cumilla
s00636,pharmacy,Narayanganj
s00637,pharmacy,Gazipur
s00638,pharmacy,Gazipur
s00639,pharmacy,Faridpur
s00640,pharmacy,Rangpur
s00641,pharmacy,Narayanganj
s00642,pharmacy,Cox's Bazar
s00643,pharmacy,Cox's Bazar
s00644,pharmacy,Cox's Bazar
s00645,pharmacy,Chattogram
s00646,pharmacy,Narayanganj
s00647,pharmacy,Rangpur
s00648,pharmacy,Mymensingh
s00649,pharmacy,Barishal
s00650,pharmacy,Mymensingh
s00651,pharmacy,Khulna
s00652,pharmacy,Faridpur
s00653,pharmacy,Barishal
s00654,pharmacy,Cox's Bazar
s00655,pharmacy,Bogra
s00656,pharmacy,Rajshahi
s00657,pharmacy,Cumilla
s00658,pharmacy,Chattogram
s00659,pharmacy,Gazipur
s00660,pharmacy,Jessore
s00661,pharmacy,Faridpur
s00662,pharmacy,Rajshahi
s00663,pharmacy,Faridpur
s00664,pharmacy,Gazipur
s00665,pharmacy,Chattogram
s00666,pharmacy,Narayanganj
s00667,pharmacy,Faridpur
s00668,pharmacy,Narayanganj
s00669,pharmacy,Gazipur
s00670,pharmacy,Khulna
s00671,pharmacy,Khulna
s00672,pharmacy,Bogra
s00673,pharmacy,Bogra
s00674,pharmacy,Jessore
s00675,pharmacy,Mymensingh
s00676,pharmacy,Khulna
s00677,pharmacy,Faridpur
s00678,pharmacy,Narayanganj
s00679,pharmacy,Narayanganj
s00680,pharmacy,Jessore
s00681,pharmacy,Khulna
s00682,pharmacy,Barishal
s00683,pharmacy,Mymensingh
s00684,pharmacy,Rangpur
s00685,pharmacy,Cox's Bazar
s00686,pharmacy,Chattogram
s00687,pharmacy,Cox's Bazar
s00688,pharmacy,Cox's Bazar
s00689,pharmacy,Cumilla
s00690,pharmacy,Sylhet
s00691,pharmacy,Cumilla
s00692,pharmacy,Chattogram
s00693,pharmacy,Narayanganj
s00694,pharmacy,Chattogram
s00695,pharmacy,Cox's Bazar
s00696,pharmacy,Cumilla
s00697,pharmacy,Bogra
s00698,pharmacy,Rangpur
s00699,pharmacy,Chattogram
s00700,pharmacy,Cumilla
s00701,stationery,Rangpur
s00702,stationery,Jessore
s00703,stationery,Rajshahi
s00704,stationery,Cox's Bazar
s00705,stationery,Bogra
s00706,stationery,Narayanganj
s00707,stationery,Cumilla
s00708,stationery,Gazipur
s00709,stationery,Dhaka
s00710,stationery,Barishal
s00711,stationery,Sylhet
s00712,stationery,Barishal
s00713,stationery,Gazipur
s00714,stationery,Gazipur
s00715,stationery,Sylhet
s00716,stationery,Narayanganj
s00717,stationery,Jessore
s00718,stationery,Jessore
s00719,stationery,Dhaka
s00720,stationery,Chattogram
s00721,stationery,Dhaka
s00722,stationery,Rajshahi
s00723,stationery,Bogra
s00724,stationery,Gazipur
s00725,stationery,Bogra
s00726,stationery,Mymensingh
s00727,stationery,Sylhet
s00728,stationery,Sylhet
s00729,stationery,Cox's Bazar
s00730,stationery,Cumilla
s00731,stationery,Cox's Bazar
s00732,stationery,Dhaka
s00733,stationery,Rajshahi
s00734,stationery,Gazipur
s00735,stationery,Rajshahi
s00736,stationery,Rajshahi
s00737,stationery,Rangpur
s00738,stationery,Dhaka
s00739,stationery,Sylhet
s00740,stationery,Jessore
s00741,stationery,Faridpur
s00742,stationery,Khulna
s00743,stationery,Gazipur
s00744,stationery,Cox's Bazar
s00745,stationery,Cox's Bazar
s00746,stationery,Gazipur
s00747,stationery,Dhaka
s00748,stationery,Chattogram
s00749,stationery,Chattogram
s00750,stationery,Sylhet
s00751,stationery,Jessore
s00752,stationery,Narayanganj
s00753,stationery,Gazipur
s00754,stationery,Rajshahi
s00755,stationery,Faridpur
s00756,stationery,Barishal
s00757,stationery,Gazipur
s00758,stationery,Cumilla
s00759,stationery,Dhaka
s00760,stationery,Chattogram
s00761,stationery,Jessore
s00762,stationery,Barishal
s00763,stationery,Sylhet
s00764,stationery,Mymensingh
s00765,stationery,Mymensingh
s00766,stationery,Faridpur
s00767,stationery,Gazipur
s00768,stationery,Dhaka
s00769,stationery,Khulna
s00770,stationery,Chattogram
s00771,stationery,Chattogram
s00772,stationery,Faridpur
s00773,stationery,Chattogram
s00774,stationery,Bogra
s00775,stationery,Cox's Bazar
s00776,stationery,Mymensingh
s00777,stationery,Dhaka
s00778,stationery,Sylhet
s00779,stationery,Khulna
s00780,stationery,Cumilla
s00781,stationery,Barishal
s00782,stationery,Dhaka
s00783,stationery,Barishal
s00784,stationery,Mymensingh
s00785,stationery,Rajshahi
s00786,stationery,Sylhet
s00787,stationery,Faridpur
s00788,stationery,Barishal
s00789,stationery,Barishal
s00790,stationery,Bogra
s00791,stationery,Jessore
s00792,stationery,Chattogram
s00793,stationery,Rajshahi
s00794,stationery,Gazipur
s00795,stationery,Chattogram
s00796,stationery,Khulna
s00797,stationery,Rajshahi
s00798,stationery,Cox's Bazar
s00799,stationery,Faridpur
s00800,stationery,Bogra
s00801,jewellery,Khulna
s00802,jewellery,Faridpur
s00803,jewellery,Bogra
s00804,jewellery,Narayanganj
s00805,jewellery,Khulna
s00806,jewellery,Sylhet
s00807,jewellery,Sylhet
s00808,jewellery,Dhaka
s00809,jewellery,Jessore
s00810,jewellery,Cumilla
s00811,jewellery,Sylhet
s00812,jewellery,Dhaka
s00813,jewellery,Rajshahi
s00814,jewellery,Dhaka
s00815,jewellery,Cumilla
s00816,jewellery,Dhaka
s00817,jewellery,Gazipur
s00818,jewellery,Khulna
s00819,jewellery,Dhaka
s00820,jewellery,Faridpur
s00821,jewellery,Dhaka
s00822,jewellery,Sylhet
s00823,jewellery,Rajshahi
s00824,jewellery,Bogra
s00825,jewellery,Bogra
s00826,jewellery,Narayanganj
s00827,jewellery,Mymensingh
s00828,jewellery,Narayanganj
s00829,jewellery,Jessore
s00830,jewellery,Faridpur
s00831,jewellery,Khulna
s00832,jewellery,Gazipur
s00833,jewellery,Cox's Bazar
s00834,jewellery,Mymensingh
s00835,jewellery,Barishal
s00836,jewellery,Chattogram
s00837,jewellery,Jessore
s00838,jewellery,Rangpur
s00839,jewellery,Barishal
s00840,jewellery,Faridpur
s00841,jewellery,Jessore
s00842,jewellery,Jessore
s00843,jewellery,Chattogram
s00844,jewellery,Dhaka
s00845,jewellery,Gazipur
s00846,jewellery,Gazipur
s00847,jewellery,Rajshahi
s00848,jewellery,Rajshahi
s00849,jewellery,Rangpur
s00850,jewellery,Chattogram
s00851,jewellery,Rajshahi
s00852,jewellery,Gazipur
s00853,jewellery,Cumilla
s00854,jewellery,Dhaka
s00855,jewellery,Bogra
s00856,jewellery,Bogra
s00857,jewellery,Cox's Bazar
s00858,jewellery,Rangpur
s00859,jewellery,Rangpur
s00860,jewellery,Cox's Bazar
s00861,jewellery,Sylhet
s00862,jewellery,Bogra
s00863,jewellery,Bogra
s00864,jewellery,Narayanganj
s00865,jewellery,Rajshahi
s00866,jewellery,Narayanganj
s00867,jewellery,Sylhet
s00868,jewellery,Cox's Bazar
s00869,jewellery,Chattogram
s00870,jewellery,Cox's Bazar
s00871,jewellery,Cumilla
s00872,jewellery,Khulna
s00873,jewellery,Sylhet
s00874,jewellery,Jessore
s00875,jewellery,Jessore
s00876,jewellery,Rangpur
s00877,jewellery,Barishal
s00878,jewellery,Gazipur
s00879,jewellery,Jessore
s00880,jewellery,Khulna
s00881,jewellery,Chattogram
s00882,jewellery,Jessore
s00883,jewellery,Barishal
s00884,jewellery,Mymensingh
s00885,jewellery,Bogra
s00886,jewellery,Gazipur
s00887,jewellery,Cumilla
s00888,jewellery,Faridpur
s00889,jewellery,Narayanganj
s00890,jewellery,Chattogram
s00891,jewellery,Rajshahi
s00892,jewellery,Barishal
s00893,jewellery,Chattogram
s00894,jewellery,Khulna
s00895,jewellery,Cumilla
s00896,jewellery,Khulna
s00897,jewellery,Faridpur
s00898,jewellery,Faridpur
s00899,jewellery,Dhaka
s00900,jewellery,Rajshahi
s00901,footwear,Narayanganj
s00902,footwear,Khulna
s00903,footwear,Barishal
s00904,footwear,Bogra
s00905,footwear,Gazipur
s00906,footwear,Cumilla
s00907,footwear,Narayanganj
s00908,footwear,Dhaka
s00909,footwear,Mymensingh
s00910,footwear,Chattogram
s00911,footwear,Cumilla
s00912,footwear,Mymensingh
s00913,footwear,Cumilla
s00914,footwear,Barishal
s00915,footwear,Barishal
s00916,footwear,Mymensingh
s00917,footwear,Cox's Bazar
s00918,footwear,Barishal
s00919,footwear,Jessore
s00920,footwear,Gazipur
s00921,footwear,Cox's Bazar
s00922,footwear,Sylhet
s00923,footwear,Cox's Bazar
s00924,footwear,Mymensingh
s00925,footwear,Bogra
s00926,footwear,Barishal
s00927,footwear,Narayanganj
s00928,footwear,Rangpur
s00929,footwear,Khulna
s00930,footwear,Cox's Bazar
s00931,footwear,Rajshahi
s00932,footwear,Narayanganj
s00933,footwear,Khulna
s00934,footwear,Narayanganj
s00935,footwear,Bogra
s00936,footwear,Gazipur
s00937,footwear,Faridpur
s00938,footwear,Gazipur
s00939,footwear,Cumilla
s00940,footwear,Cox's Bazar
s00941,footwear,Mymensingh
s00942,footwear,Cox's Bazar
s00943,footwear,Jessore
s00944,footwear,Barishal
s00945,footwear,Cumilla
s00946,footwear,Khulna
s00947,footwear,Dhaka
s00948,footwear,Gazipur
s00949,footwear,Jessore
s00950,footwear,Rangpur
s00951,footwear,Khulna
s00952,footwear,Rajshahi
s00953,footwear,Cumilla
s00954,footwear,Rajshahi
s00955,footwear,Gazipur
s00956,footwear,Sylhet
s00957,footwear,Gazipur
s00958,footwear,Khulna
s00959,footwear,Khulna
s00960,footwear,Chattogram
s00961,footwear,Cox's Bazar
s00962,footwear,Faridpur
s00963,footwear,Mymensingh
s00964,footwear,Cumilla
s00965,footwear,Rajshahi
s00966,footwear,Cox's Bazar
s00967,footwear,Bogra
s00968,footwear,Rangpur
s00969,footwear,Chattogram
s00970,footwear,Rangpur
s00971,footwear,Bogra
s00972,footwear,Khulna
s00973,footwear,Chattogram
s00974,footwear,Barishal
s00975,footwear,Narayanganj
s00976,footwear,Rangpur
s00977,footwear,Rangpur
s00978,footwear,Khulna
s00979,footwear,Bogra
s00980,footwear,Faridpur
s00981,footwear,Cox's Bazar
s00982,footwear,Faridpur
s00983,footwear,Rajshahi
s00984,footwear,Jessore
s00985,footwear,Faridpur
s00986,footwear,Gazipur
s00987,footwear,Khulna
s00988,footwear,Dhaka
s00989,footwear,Barishal
s00990,footwear,Rangpur
s00991,footwear,Gazipur
s00992,footwear,Jessore
s00993,footwear,Narayanganj
s00994,footwear,Mymensingh
s00995,footwear,Barishal
s00996,footwear,Khulna
s00997,footwear,Sylhet
s00998,footwear,Narayanganj
s00999,footwear,Chattogram
s01000,footwear,Faridpur
s01001,toys,Khulna
s01002,toys,Gazipur
s01003,toys,Cox's Bazar
s01004,toys,Mymensingh
s01005,toys,Gazipur
s01006,toys,Jessore
s01007,toys,Faridpur
s01008,toys,Cox's Bazar
s01009,toys,Rangpur
s01010,toys,Cumilla
s01011,toys,Faridpur
s01012,toys,Mymensingh
s01013,toys,Faridpur
s01014,toys,Khulna
s01015,toys,Barishal
s01016,toys,Rangpur
s01017,toys,Rajshahi
s01018,toys,Chattogram
s01019,toys,Narayanganj
s01020,toys,Sylhet
s01021,toys,Barishal
s01022,toys,Rangpur
s01023,toys,Bogra
s01024,toys,Faridpur
s01025,toys,Narayanganj
s01026,toys,Narayanganj
s01027,toys,Gazipur
s01028,toys,Barishal
s01029,toys,Rangpur
s01030,toys,Sylhet
s01031,toys,Narayanganj
s01032,toys,Barishal
s01033,toys,Cumilla
s01034,toys,Bogra
s01035,toys,Sylhet
s01036,toys,Bogra
s01037,toys,Barishal
s01038,toys,Mymensingh
s01039,toys,Chattogram
s01040,toys,Narayanganj
s01041,toys,Dhaka
s01042,toys,Cumilla
s01043,toys,Cox's Bazar
s01044,toys,Rajshahi
s01045,toys,Rangpur
s01046,toys,Bogra
s01047,toys,Cox's Bazar
s01048,toys,Gazipur
s01049,toys,Faridpur
s01050,toys,Jessore
s01051,toys,Dhaka
s01052,toys,Cox's Bazar
s01053,toys,Cumilla
s01054,toys,Barishal
s01055,toys,Sylhet
s01056,toys,Chattogram
s01057,toys,Rajshahi
s01058,toys,Gazipur
s01059,toys,Bogra
s01060,toys,Khulna
s01061,toys,Narayanganj
s01062,toys,Faridpur
s01063,toys,Dhaka
s01064,toys,Mymensingh
s01065,toys,Khulna
s01066,toys,Dhaka
s01067,toys,Mymensingh
s01068,toys,Cox's Bazar
s01069,toys,Jessore
s01070,toys,Chattogram
s01071,toys,Rangpur
s01072,toys,Rajshahi
s01073,toys,Gazipur
s01074,toys,Khulna
s01075,toys,Sylhet
s01076,toys,Khulna
s01077,toys,Bogra
s01078,toys,Rajshahi
s01079,toys,Cumilla
s01080,toys,Rajshahi
s01081,toys,Barishal
s01082,toys,Faridpur
s01083,toys,Bogra
s01084,toys,Sylhet
s01085,toys,Rangpur
s01086,toys,Bogra
s01087,toys,Khulna
s01088,toys,Barishal
s01089,toys,Cumilla
s01090,toys,Rajshahi
s01091,toys,Cox's Bazar
s01092,toys,Dhaka
s01093,toys,Cumilla
s01094,toys,Sylhet
s01095,toys,Dhaka
s01096,toys,Khulna
s01097,toys,Barishal
s01098,toys,Khulna
s01099,toys,Mymensingh
s01100,toys,Dhaka
s01101,books,Narayanganj
s01102,books,Cox's Bazar
s01103,books,Gazipur
s01104,books,Rajshahi
s01105,books,Rajshahi
s01106,books,Rangpur
s01107,books,Rajshahi
s01108,books,Narayanganj
s01109,books,Rajshahi
s01110,books,Cumilla
s01111,books,Jessore
s01112,books,Cumilla
s01113,books,Rangpur
s01114,books,Faridpur
s01115,books,Khulna
s01116,books,Faridpur
s01117,books,Dhaka
s01118,books,Dhaka
s01119,books,Jessore
s01120,books,Mymensingh
s01121,books,Narayanganj
s01122,books,Gazipur
s01123,books,Sylhet
s01124,books,Narayanganj
s01125,books,Dhaka
s01126,books,Bogra
s01127,books,Dhaka
s01128,books,Faridpur
s01129,books,Jessore
s01130,books,Khulna
s01131,books,Bogra
s01132,books,Gazipur
s01133,books,Narayanganj
s01134,books,Dhaka
s01135,books,Jessore
s01136,books,Rajshahi
s01137,books,Rangpur
s01138,books,Cumilla
s01139,books,Sylhet
s01140,books,Barishal
s01141,books,Cox's Bazar
s01142,books,Rajshahi
s01143,books,Bogra
s01144,books,Barishal
s01145,books,Khulna
s01146,books,Rangpur
s01147,books,Jessore
s01148,books,Faridpur
s01149,books,Sylhet
s01150,books,Mymensingh
s01151,books,Barishal
s01152,books,Rajshahi
s01153,books,Cumilla
s01154,books,Mymensingh
s01155,books,Cumilla
s01156,books,Gazipur
s01157,books,Bogra
s01158,books,Jessore
s01159,books,Sylhet
s01160,books,Chattogram
s01161,books,Sylhet
s01162,books,Sylhet
s01163,books,Cumilla
s01164,books,Jessore
s01165,books,Cumilla
s01166,books,Chattogram
s01167,books,Chattogram
s01168,books,Barishal
s01169,books,Chattogram
s01170,books,Mymensingh
s01171,books,Chattogram
s01172,books,Chattogram
s01173,books,Barishal
s01174,books,Sylhet
s01175,books,Faridpur
s01176,books,Sylhet
s01177,books,Dhaka
s01178,books,Narayanganj
s01179,books,Faridpur
s01180,books,Dhaka
s01181,books,Rajshahi
s01182,books,Bogra
s01183,books,Cox's Bazar
s01184,books,Narayanganj
s01185,books,Chattogram
s01186,books,Rangpur
s01187,books,Rajshahi
s01188,books,Gazipur
s01189,books,Narayanganj
s01190,books,Barishal
s01191,books,Rangpur
s01192,books,Gazipur
s01193,books,Cumilla
s01194,books,Gazipur
s01195,books,Faridpur
s01196,books,Mymensingh
s01197,books,Chattogram
s01198,books,Mymensingh
s01199,books,Rajshahi
s01200,books,Bogra
s01201,sports,Mymensingh
s01202,sports,Faridpur
s01203,sports,Cumilla
s01204,sports,Mymensingh
s01205,sports,Khulna
s01206,sports,Chattogram
s01207,sports,Rajshahi
s01208,sports,Narayanganj
s01209,sports,Dhaka
s01210,sports,Cumilla
s01211,sports,Barishal
s01212,sports,Mymensingh
s01213,sports,Mymensingh
s01214,sports,Khulna
s01215,sports,Sylhet
s01216,sports,Khulna
s01217,sports,Barishal
s01218,sports,Bogra
s01219,sports,Mymensingh
s01220,sports,Rangpur
s01221,sports,Dhaka
s01222,sports,Dhaka
s01223,sports,Jessore
s01224,sports,Chattogram
s01225,sports,Gazipur
s01226,sports,Chattogram
s01227,sports,Rajshahi
s01228,sports,Narayanganj
s01229,sports,Mymensingh
s01230,sports,Cumilla
s01231,sports,Bogra
s01232,sports,Cox's Bazar
s01233,sports,Rajshahi
s01234,sports,Barishal
s01235,sports,Rajshahi
s01236,sports,Khulna
s01237,sports,Chattogram
s01238,sports,Rangpur
s01239,sports,Cox's Bazar
s01240,sports,Sylhet
s01241,sports,Rajshahi
s01242,sports,Barishal
s01243,sports,Rajshahi
s01244,sports,Cumilla
s01245,sports,Barishal
s01246,sports,Rajshahi
s01247,sports,Faridpur
s01248,sports,Jessore
s01249,sports,Sylhet
s01250,sports,Faridpur
s01251,sports,Narayanganj
s01252,sports,Cox's Bazar
s01253,sports,Rangpur
s01254,sports,Mymensingh
s01255,sports,Bogra
s01256,sports,Rangpur
s01257,sports,Gazipur
s01258,sports,Dhaka
s01259,sports,Dhaka
s01260,sports,Barishal
s01261,sports,Jessore
s01262,sports,Narayanganj
s01263,sports,Narayanganj
s01264,sports,Jessore
s01265,sports,Sylhet
s01266,sports,Sylhet
s01267,sports,Barishal
s01268,sports,Dhaka
s01269,sports,Jessore
s01270,sports,Jessore
s01271,sports,Mymensingh
s01272,sports,Barishal
s01273,sports,Gazipur
s01274,sports,Gazipur
s01275,sports,Mymensingh
s01276,sports,Narayanganj
s01277,sports,Sylhet
s01278,sports,Gazipur
s01279,sports,Mymensingh
s01280,sports,Chattogram
s01281,sports,Chattogram
s01282,sports,Faridpur
s01283,sports,Sylhet
s01284,sports,Sylhet
s01285,sports,Rajshahi
s01286,sports,Faridpur
s01287,sports,Bogra
s01288,sports,Rajshahi
s01289,sports,Rajshahi
s01290,sports,Cox's Bazar
s01291,sports,Rajshahi
s01292,sports,Rangpur
s01293,sports,Rangpur
s01294,sports,Cox's Bazar
s01295,sports,Cox's Bazar
s01296,sports,Gazipur
s01297,sports,Gazipur
s01298,sports,Cox's Bazar
s01299,sports,Barishal
s01300,sports,Khulna
s01301,baby,Cox's Bazar
s01302,baby,Chattogram
s01303,baby,Barishal
s01304,baby,Bogra
s01305,baby,Bogra
s01306,baby,Chattogram
s01307,baby,Faridpur
s01308,baby,Chattogram
s01309,baby,Cox's Bazar
s01310,baby,Cox's Bazar
s01311,baby,Cox's Bazar
s01312,baby,Faridpur
s01313,baby,Mymensingh
s01314,baby,Faridpur
s01315,baby,Barishal
s01316,baby,Khulna
s01317,baby,Faridpur
s01318,baby,Chattogram
s01319,baby,Cox's Bazar
s01320,baby,Cox's Bazar
s01321,baby,Sylhet
s01322,baby,Sylhet
s01323,baby,Faridpur
s01324,baby,Sylhet
s01325,baby,Bogra
s01326,baby,Sylhet
s01327,baby,Rangpur
s01328,baby,Cox's Bazar
s01329,baby,Rangpur
s01330,baby,Sylhet
s01331,baby,Rajshahi
s01332,baby,Sylhet
s01333,baby,Narayanganj
s01334,baby,Cumilla
s01335,baby,Cox's Bazar
s01336,baby,Barishal
s01337,baby,Khulna
s01338,baby,Rajshahi
s01339,baby,Cumilla
s01340,baby,Chattogram
s01341,baby,Jessore
s01342,baby,Cumilla
s01343,baby,Khulna
s01344,baby,Cox's Bazar
s01345,baby,Chattogram
s01346,baby,Gazipur
s01347,baby,Cumilla
s01348,baby,Rajshahi
s01349,baby,Narayanganj
s01350,baby,Gazipur
s01351,baby,Sylhet
s01352,baby,Bogra
s01353,baby,Rangpur
s01354,baby,Dhaka
s01355,baby,Bogra
s01356,baby,Narayanganj
s01357,baby,Sylhet
s01358,baby,Cumilla
s01359,baby,Sylhet
s01360,baby,Gazipur
s01361,baby,Mymensingh
s01362,baby,Khulna
s01363,baby,Sylhet
s01364,baby,Gazipur
s01365,baby,Khulna
s01366,baby,Narayanganj
s01367,baby,Barishal
s01368,baby,Rajshahi
s01369,baby,Barishal
s01370,baby,Narayanganj
s01371,baby,Cumilla
s01372,baby,Cumilla
s01373,baby,Cox's Bazar
s01374,baby,Narayanganj
s01375,baby,Bogra
s01376,baby,Gazipur
s01377,baby,Faridpur
s01378,baby,Gazipur
s01379,baby,Khulna
s01380,baby,Dhaka
s01381,baby,Mymensingh
s01382,baby,Faridpur
s01383,baby,Jessore
s01384,baby,Bogra
s01385,baby,Khulna
s01386,baby,Narayanganj
s01387,baby,Narayanganj
s01388,baby,Mymensingh
s01389,baby,Cumilla
s01390,baby,Dhaka
s01391,baby,Cox's Bazar
s01392,baby,Gazipur
s01393,baby,Jessore
s01394,baby,Narayanganj
s01395,baby,Gazipur
s01396,baby,Faridpur
s01397,baby,Cumilla
s01398,baby,Rangpur
s01399,baby,Faridpur
s01400,baby,Mymensingh
s01401,mobile_accessories,Faridpur
s01402,mobile_accessories,Faridpur
s01403,mobile_accessories,Gazipur
s01404,mobile_accessories,Chattogram
s01405,mobile_accessories,Bogra
s01406,mobile_accessories,Bogra
s01407,mobile_accessories,Bogra
s01408,mobile_accessories,Mymensingh
s01409,mobile_accessories,Narayanganj
s01410,mobile_accessories,Sylhet
s01411,mobile_accessories,Dhaka
s01412,mobile_accessories,Cox's Bazar
s01413,mobile_accessories,Faridpur
s01414,mobile_accessories,Rangpur
s01415,mobile_accessories,Rajshahi
s01416,mobile_accessories,Bogra
s01417,mobile_accessories,Cox's Bazar
s01418,mobile_accessories,Dhaka
s01419,mobile_accessories,Jessore
s01420,mobile_accessories,Jessore
s01421,mobile_accessories,Rangpur
s01422,mobile_accessories,Gazipur
s01423,mobile_accessories,Cox's Bazar
s01424,mobile_accessories,Narayanganj
s01425,mobile_accessories,Faridpur
s01426,mobile_accessories,Barishal
s01427,mobile_accessories,Chattogram
s01428,mobile_accessories,Mymensingh
s01429,mobile_accessories,Cox's Bazar
s01430,mobile_accessories,Rajshahi
s01431,mobile_accessories,Chattogram
s01432,mobile_accessories,Cumilla
s01433,mobile_accessories,Dhaka
s01434,mobile_accessories,Jessore
s01435,mobile_accessories,Faridpur
s01436,mobile_accessories,Dhaka
s01437,mobile_accessories,Bogra
s01438,mobile_accessories,Jessore
s01439,mobile_accessories,Cox's Bazar
s01440,mobile_accessories,Barishal
s01441,mobile_accessories,Cumilla
s01442,mobile_accessories,Cox's Bazar
s01443,mobile_accessories,Rajshahi
s01444,mobile_accessories,Barishal
s01445,mobile_accessories,Gazipur
s01446,mobile_accessories,Dhaka
s01447,mobile_accessories,Khulna
s01448,mobile_accessories,Barishal
s01449,mobile_accessories,Mymensingh
s01450,mobile_accessories,Rajshahi
s01451,mobile_accessories,Khulna
s01452,mobile_accessories,Jessore
s01453,mobile_accessories,Rangpur
s01454,mobile_accessories,Bogra
s01455,mobile_accessories,Rajshahi
s01456,mobile_accessories,Mymensingh
s01457,mobile_accessories,Khulna
s01458,mobile_accessories,Jessore
s01459,mobile_accessories,Sylhet
s01460,mobile_accessories,Bogra
s01461,mobile_accessories,Cox's Bazar
s01462,mobile_accessories,Mymensingh
s01463,mobile_accessories,Chattogram
s01464,mobile_accessories,Cumilla
s01465,mobile_accessories,Narayanganj
s01466,mobile_accessories,Mymensingh
s01467,mobile_accessories,Gazipur
s01468,mobile_accessories,Rajshahi
s01469,mobile_accessories,Narayanganj
s01470,mobile_accessories,Gazipur
s01471,mobile_accessories,Jessore
s01472,mobile_accessories,Narayanganj
s01473,mobile_accessories,Dhaka
s01474,mobile_accessories,Cumilla
s01475,mobile_accessories,Dhaka
s01476,mobile_accessories,Dhaka
s01477,mobile_accessories,Narayanganj
s01478,mobile_accessories,Dhaka
s01479,mobile_accessories,Dhaka
s01480,mobile_accessories,Dhaka
s01481,mobile_accessories,Cox's Bazar
s01482,mobile_accessories,Rangpur
s01483,mobile_accessories,Barishal
s01484,mobile_accessories,Mymensingh
s01485,mobile_accessories,Mymensingh
s01486,mobile_accessories,Dhaka
s01487,mobile_accessories,Dhaka
s01488,mobile_accessories,Cumilla
s01489,mobile_accessories,Gazipur
s01490,mobile_accessories,Faridpur
s01491,mobile_accessories,Narayanganj
s01492,mobile_accessories,Bogra
s01493,mobile_accessories,Barishal
s01494,mobile_accessories,Bogra
s01495,mobile_accessories,Bogra
s01496,mobile_accessories,Cumilla
s01497,mobile_accessories,Faridpur
s01498,mobile_accessories,Gazipur
s01499,mobile_accessories,Rangpur
s01500,mobile_accessories,Rangpur
s01501,gifts,Rangpur
s01502,gifts,Bogra
s01503,gifts,Rajshahi
s01504,gifts,Dhaka
s01505,gifts,Jessore
s01506,gifts,Chattogram
s01507,gifts,Dhaka
s01508,gifts,Barishal
s01509,gifts,Khulna
s01510,gifts,Rangpur
s01511,gifts,Chattogram
s01512,gifts,Rangpur
s01513,gifts,Cox's Bazar
s01514,gifts,Mymensingh
s01515,gifts,Cumilla
s01516,gifts,Mymensingh
s01517,gifts,Faridpur
s01518,gifts,Narayanganj
s01519,gifts,Barishal
s01520,gifts,Chattogram
s01521,gifts,Cox's Bazar
s01522,gifts,Sylhet
s01523,gifts,Sylhet
s01524,gifts,Bogra
s01525,gifts,Bogra
s01526,gifts,Gazipur
s01527,gifts,Jessore
s01528,gifts,Bogra
s01529,gifts,Chattogram
s01530,gifts,Barishal
s01531,gifts,Gazipur
s01532,gifts,Dhaka
s01533,gifts,Rajshahi
s01534,gifts,Chattogram
s01535,gifts,Sylhet
s01536,gifts,Bogra
s01537,gifts,Rangpur
s01538,gifts,Chattogram
s01539,gifts,Gazipur
s01540,gifts,Mymensingh
s01541,gifts,Narayanganj
s01542,gifts,Chattogram
s01543,gifts,Barishal
s01544,gifts,Rangpur
s01545,gifts,Dhaka
s01546,gifts,Rajshahi
s01547,gifts,Bogra
s01548,gifts,Rajshahi
s01549,gifts,Gazipur
s01550,gifts,Jessore
s01551,gifts,Faridpur
s01552,gifts,Mymensingh
s01553,gifts,Narayanganj
s01554,gifts,Mymensingh
s01555,gifts,Dhaka
s01556,gifts,Sylhet
s01557,gifts,Barishal
s01558,gifts,Bogra
s01559,gifts,Jessore
s01560,gifts,Sylhet
s01561,gifts,Barishal
s01562,gifts,Faridpur
s01563,gifts,Cumilla
s01564,gifts,Cox's Bazar
s01565,gifts,Bogra
s01566,gifts,Chattogram
s01567,gifts,Rangpur
s01568,gifts,Cox's Bazar
s01569,gifts,Rajshahi
s01570,gifts,Jessore
s01571,gifts,Narayanganj
s01572,gifts,Gazipur
s01573,gifts,Gazipur
s01574,gifts,Narayanganj
s01575,gifts,Jessore
s01576,gifts,Mymensingh
s01577,gifts,Rangpur
s01578,gifts,Cox's Bazar
s01579,gifts,Narayanganj
s01580,gifts,Rangpur
s01581,gifts,Bogra
s01582,gifts,Cumilla
s01583,gifts,Khulna
s01584,gifts,Khulna
s01585,gifts,Mymensingh
s01586,gifts,Faridpur
s01587,gifts,Cox's Bazar
s01588,gifts,Chattogram
s01589,gifts,Cox's Bazar
s01590,gifts,Dhaka
s01591,gifts,Faridpur
s01592,gifts,Faridpur
s01593,gifts,Dhaka
s01594,gifts,Jessore
s01595,gifts,Jessore
s01596,gifts,Rajshahi
s01597,gifts,Barishal
s01598,gifts,Rajshahi
s01599,gifts,Narayanganj
s01600,gifts,Dhaka
s01601,kitchen,Rajshahi
s01602,kitchen,Cox's Bazar
s01603,kitchen,Gazipur
s01604,kitchen,Cox's Bazar
s01605,kitchen,Narayanganj
s01606,kitchen,Rangpur
s01607,kitchen,Cox's Bazar
s01608,kitchen,Cumilla
s01609,kitchen,Gazipur
s01610,kitchen,Khulna
s01611,kitchen,Gazipur
s01612,kitchen,Dhaka
s01613,kitchen,Jessore
s01614,kitchen,Khulna
s01615,kitchen,Cox's Bazar
s01616,kitchen,Narayanganj
s01617,kitchen,Rajshahi
s01618,kitchen,Bogra
s01619,kitchen,Cumilla
s01620,kitchen,Chattogram
s01621,kitchen,Rangpur
s01622,kitchen,Gazipur
s01623,kitchen,Gazipur
s01624,kitchen,Cumilla
s01625,kitchen,Dhaka
s01626,kitchen,Gazipur
s01627,kitchen,Mymensingh
s01628,kitchen,Faridpur
s01629,kitchen,Mymensingh
s01630,kitchen,Mymensingh
s01631,kitchen,Gazipur
s01632,kitchen,Bogra
s01633,kitchen,Faridpur
s01634,kitchen,Khulna
s01635,kitchen,Chattogram
s01636,kitchen,Sylhet
s01637,kitchen,Barishal
s01638,kitchen,Bogra
s01639,kitchen,Sylhet
s01640,kitchen,Chattogram
s01641,kitchen,Rangpur
s01642,kitchen,Sylhet
s01643,kitchen,Rangpur
s01644,kitchen,Chattogram
s01645,kitchen,Bogra
s01646,kitchen,Rajshahi
s01647,kitchen,Barishal
s01648,kitchen,Chattogram
s01649,kitchen,Gazipur
s01650,kitchen,Narayanganj
s01651,kitchen,Barishal
s01652,kitchen,Cumilla
s01653,kitchen,Mymensingh
s01654,kitchen,Bogra
s01655,kitchen,Barishal
s01656,kitchen,Khulna
s01657,kitchen,Khulna
s01658,kitchen,Rangpur
s01659,kitchen,Chattogram
s01660,kitchen,Rangpur
s01661,kitchen,Narayanganj
s01662,kitchen,Cumilla
s01663,kitchen,Mymensingh
s01664,kitchen,Faridpur
s01665,kitchen,Cox's Bazar
s01666,kitchen,Gazipur
s01667,kitchen,Gazipur
s01668,kitchen,Chattogram
s01669,kitchen,Sylhet
s01670,kitchen,Faridpur
s01671,kitchen,Cox's Bazar
s01672,kitchen,Gazipur
s01673,kitchen,Narayanganj
s01674,kitchen,Rangpur
s01675,kitchen,Bogra
s01676,kitchen,Cox's Bazar
s01677,kitchen,Cumilla
s01678,kitchen,Narayanganj
s01679,kitchen,Narayanganj
s01680,kitchen,Mymensingh
s01681,kitchen,Narayanganj
s01682,kitchen,Bogra
s01683,kitchen,Cumilla
s01684,kitchen,Khulna
s01685,kitchen,Gazipur
s01686,kitchen,Barishal
s01687,kitchen,Chattogram
s01688,kitchen,Cox's Bazar
s01689,kitchen,Cox's Bazar
s01690,kitchen,Sylhet
s01691,kitchen,Mymensingh
s01692,kitchen,Sylhet
s01693,kitchen,Dhaka
s01694,kitchen,Bogra
s01695,kitchen,Gazipur
s01696,kitchen,Rajshahi
s01697,kitchen,Jessore
s01698,kitchen,Bogra
s01699,kitchen,Cox's Bazar
s01700,kitchen,Rangpur
s01701,pet,Chattogram
s01702,pet,Khulna
s01703,pet,Rangpur
s01704,pet,Cumilla
s01705,pet,Khulna
s01706,pet,Chattogram
s01707,pet,Rangpur
s01708,pet,Bogra
s01709,pet,Gazipur
s01710,pet,Rajshahi
s01711,pet,Khulna
s01712,pet,Chattogram
s01713,pet,Rangpur
s01714,pet,Khulna
s01715,pet,Rangpur
s01716,pet,Rangpur
s01717,pet,Dhaka
s01718,pet,Gazipur
s01719,pet,Mymensingh
s01720,pet,Dhaka
s01721,pet,Rajshahi
s01722,pet,Khulna
s01723,pet,Dhaka
s01724,pet,Dhaka
s01725,pet,Gazipur
s01726,pet,Sylhet
s01727,pet,Rajshahi
s01728,pet,Faridpur
s01729,pet,Cox's Bazar
s01730,pet,Rangpur
s01731,pet,Narayanganj
s01732,pet,Chattogram
s01733,pet,Mymensingh
s01734,pet,Khulna
s01735,pet,Narayanganj
s01736,pet,Rangpur
s01737,pet,Mymensingh
s01738,pet,Cumilla
s01739,pet,Sylhet
s01740,pet,Cox's Bazar
s01741,pet,Bogra
s01742,pet,Mymensingh
s01743,pet,Chattogram
s01744,pet,Rangpur
s01745,pet,Faridpur
s01746,pet,Gazipur
s01747,pet,Chattogram
s01748,pet,Khulna
s01749,pet,Chattogram
s01750,pet,Dhaka
s01751,pet,Jessore
s01752,pet,Khulna
s01753,pet,Khulna
s01754,pet,Faridpur
s01755,pet,Dhaka
s01756,pet,Cumilla
s01757,pet,Mymensingh
s01758,pet,Bogra
s01759,pet,Sylhet
s01760,pet,Cumilla
s01761,pet,Narayanganj
s01762,pet,Bogra
s01763,pet,Cox's Bazar
s01764,pet,Cumilla
s01765,pet,Rangpur
s01766,pet,Jessore
s01767,pet,Barishal
s01768,pet,Cox's Bazar
s01769,pet,Gazipur
s01770,pet,Mymensingh
s01771,pet,Mymensingh
s01772,pet,Rangpur
s01773,pet,Chattogram
s01774,pet,Rangpur
s01775,pet,Rajshahi
s01776,pet,Cumilla
s01777,pet,Sylhet
s01778,pet,Gazipur
s01779,pet,Jessore
s01780,pet,Bogra
s01781,pet,Chattogram
s01782,pet,Dhaka
s01783,pet,Chattogram
s01784,pet,Rangpur
s01785,pet,Cox's Bazar
s01786,pet,Mymensingh
s01787,pet,Faridpur
s01788,pet,Chattogram
s01789,pet,Rajshahi
s01790,pet,Bogra
s01791,pet,Narayanganj
s01792,pet,Barishal
s01793,pet,Bogra
s01794,pet,Sylhet
s01795,pet,Khulna
s01796,pet,Barishal
s01797,pet,Sylhet
s01798,pet,Chattogram
s01799,pet,Narayanganj
s01800,pet,Cumilla
s01801,religious,Faridpur
s01802,religious,Rajshahi
s01803,religious,Khulna
s01804,religious,Gazipur
s01805,religious,Barishal
s01806,religious,Gazipur
s01807,religious,Faridpur
s01808,religious,Rajshahi
s01809,religious,Faridpur
s01810,religious,Rajshahi
s01811,religious,Mymensingh
s01812,religious,Sylhet
s01813,religious,Khulna
s01814,religious,Jessore
s01815,religious,Faridpur
s01816,religious,Mymensingh
s01817,religious,Faridpur
s01818,religious,Khulna
s01819,religious,Faridpur
s01820,religious,Cumilla
s01821,religious,Khulna
s01822,religious,Mymensingh
s01823,religious,Rangpur
s01824,religious,Jessore
s01825,religious,Cox's Bazar
s01826,religious,Gazipur
s01827,religious,Mymensingh
s01828,religious,Jessore
s01829,religious,Chattogram
s01830,religious,Mymensingh
s01831,religious,Barishal
s01832,religious,Rangpur
s01833,religious,Faridpur
s01834,religious,Barishal
s01835,religious,Gazipur
s01836,religious,Gazipur
s01837,religious,Khulna
s01838,religious,Dhaka
s01839,religious,Gazipur
s01840,religious,Jessore
s01841,religious,Rajshahi
s01842,religious,Bogra
s01843,religious,Faridpur
s01844,religious,Cox's Bazar
s01845,religious,Narayanganj
s01846,religious,Dhaka
s01847,religious,Narayanganj
s01848,religious,Chattogram
s01849,religious,Narayanganj
s01850,religious,Rajshahi
s01851,religious,Mymensingh
s01852,religious,Sylhet
s01853,religious,Jessore
s01854,religious,Rangpur
s01855,religious,Barishal
s01856,religious,Rangpur
s01857,religious,Rangpur
s01858,religious,Dhaka
s01859,religious,Chattogram
s01860,religious,Dhaka
s01861,religious,Barishal
s01862,religious,Khulna
s01863,religious,Rangpur
s01864,religious,Cumilla
s01865,religious,Rajshahi
s01866,religious,Mymensingh
s01867,religious,Mymensingh
s01868,religious,Jessore
s01869,religious,Cumilla
s01870,religious,Sylhet
s01871,religious,Chattogram
s01872,religious,Khulna
s01873,religious,Chattogram
s01874,religious,Sylhet
s01875,religious,Sylhet
s01876,religious,Sylhet
s01877,religious,Rajshahi
s01878,religious,Bogra
s01879,religious,Cumilla
s01880,religious,Cox's Bazar
s01881,religious,Cox's Bazar
s01882,religious,Faridpur
s01883,religious,Gazipur
s01884,religious,Cumilla
s01885,religious,Gazipur
s01886,religious,Dhaka
s01887,religious,Cox's Bazar
s01888,religious,Sylhet
s01889,religious,Khulna
s01890,religious,Mymensingh
s01891,religious,Dhaka
s01892,religious,Cox's Bazar
s01893,religious,Chattogram
s01894,religious,Dhaka
s01895,religious,Mymensingh
s01896,religious,Khulna
s01897,religious,Sylhet
s01898,religious,Dhaka
s01899,religious,Faridpur
s01900,religious,Mymensingh
s01901,bakery,Sylhet
s01902,bakery,Khulna
s01903,bakery,Chattogram
s01904,bakery,Cumilla
s01905,bakery,Cumilla
s01906,bakery,Barishal
s01907,bakery,Cox's Bazar
s01908,bakery,Dhaka
s01909,bakery,Rajshahi
s01910,bakery,Dhaka
s01911,bakery,Barishal
s01912,bakery,Mymensingh
s01913,bakery,Faridpur
s01914,bakery,Bogra
s01915,bakery,Faridpur
s01916,bakery,Barishal
s01917,bakery,Cumilla
s01918,bakery,Dhaka
s01919,bakery,Bogra
s01920,bakery,Barishal
s01921,bakery,Rajshahi
s01922,bakery,Gazipur
s01923,bakery,Sylhet
s01924,bakery,Cumilla
s01925,bakery,Bogra
s01926,bakery,Bogra
s01927,bakery,Cumilla
s01928,bakery,Cumilla
s01929,bakery,Barishal
s01930,bakery,Chattogram
s01931,bakery,Chattogram
s01932,bakery,Khulna
s01933,bakery,Cumilla
s01934,bakery,Cox's Bazar
s01935,bakery,Sylhet
s01936,bakery,Cumilla
s01937,bakery,Cox's Bazar
s01938,bakery,Cox's Bazar
s01939,bakery,Gazipur
s01940,bakery,Dhaka
s01941,bakery,Rangpur
s01942,bakery,Khulna
s01943,bakery,Cumilla
s01944,bakery,Jessore
s01945,bakery,Rajshahi
s01946,bakery,Cumilla
s01947,bakery,Cox's Bazar
s01948,bakery,Dhaka
s01949,bakery,Chattogram
s01950,bakery,Gazipur
s01951,bakery,Faridpur
s01952,bakery,Rajshahi
s01953,bakery,Jessore
s01954,bakery,Sylhet
s01955,bakery,Jessore
s01956,bakery,Dhaka
s01957,bakery,Cumilla
s01958,bakery,Dhaka
s01959,bakery,Sylhet
s01960,bakery,Cox's Bazar
s01961,bakery,Cumilla
s01962,bakery,Narayanganj
s01963,bakery,Cumilla
s01964,bakery,Bogra
s01965,bakery,Khulna
s01966,bakery,Cumilla
s01967,bakery,Gazipur
s01968,bakery,Bogra
s01969,bakery,Chattogram
s01970,bakery,Barishal
s01971,bakery,Chattogram
s01972,bakery,Rangpur
s01973,bakery,Dhaka
s01974,bakery,Bogra
s01975,bakery,Sylhet
s01976,bakery,Sylhet
s01977,bakery,Narayanganj
s01978,bakery,Sylhet
s01979,bakery,Cumilla
s01980,bakery,Gazipur
s01981,bakery,Dhaka
s01982,bakery,Gazipur
s01983,bakery,Faridpur
s01984,bakery,Narayanganj
s01985,bakery,Mymensingh
s01986,bakery,Rajshahi
s01987,bakery,Cox's Bazar
s01988,bakery,Chattogram
s01989,bakery,Narayanganj
s01990,bakery,Faridpur
s01991,bakery,Cox's Bazar
s01992,bakery,Jessore
s01993,bakery,Narayanganj
s01994,bakery,Bogra
s01995,bakery,Chattogram
s01996,bakery,Dhaka
s01997,bakery,Cumilla
s01998,bakery,Barishal
s01999,bakery,Dhaka
s02000,bakery,Faridpur
